{"cameraMode":{"drawMode":0,"name":"Shaded","section":"Shading Mode"},"sceneLighting":true,"audioPlay":false,"sceneViewState":{"showFog":true,"showMaterialUpdate":false,"showSkybox":true,"showFlares":true,"showImageEffects":true,"showParticleSystems":true},"in2DMode":false,"pivot":{"x":18.830978393554689,"y":19.18379020690918,"z":0.9505308866500855},"rotation":{"x":-0.024670332670211793,"y":0.9744754433631897,"z":-0.17913995683193208,"w":-0.133847177028656},"size":44.40174102783203,"orthographic":false}