{"cameraMode":{"drawMode":0,"name":"Shaded","section":"Shading Mode"},"sceneLighting":false,"audioPlay":false,"sceneViewState":{"showFog":true,"showMaterialUpdate":false,"showSkybox":false,"showFlares":true,"showImageEffects":true,"showParticleSystems":true},"in2DMode":false,"pivot":{"x":4.820814609527588,"y":8.010902404785157,"z":-1.873377799987793},"rotation":{"x":0.08166047185659409,"y":-0.6715313792228699,"z":0.07484728842973709,"w":0.7326525449752808},"size":4.946586608886719,"orthographic":false}