{"cameraMode":{"drawMode":0,"name":"Shaded","section":"Shading Mode"},"sceneLighting":false,"audioPlay":false,"sceneViewState":{"showFog":true,"showMaterialUpdate":false,"showSkybox":false,"showFlares":true,"showImageEffects":true,"showParticleSystems":true},"in2DMode":false,"pivot":{"x":-0.01332712173461914,"y":1.8051953315734864,"z":0.17049634456634522},"rotation":{"x":0.2800689935684204,"y":-0.49936041235923769,"z":0.17458947002887727,"w":0.8011638522148132},"size":3.18843412399292,"orthographic":false}