{"cameraMode":{"drawMode":0,"name":"Shaded","section":"Shading Mode"},"sceneLighting":false,"audioPlay":false,"sceneViewState":{"showFog":true,"showMaterialUpdate":false,"showSkybox":false,"showFlares":true,"showImageEffects":true,"showParticleSystems":true},"in2DMode":false,"pivot":{"x":0.0,"y":3.4000000953674318,"z":-29.700000762939454},"rotation":{"x":0.003614340675994754,"y":0.9743494987487793,"z":-0.22486388683319093,"w":0.01608843170106411},"size":6.928203105926514,"orthographic":false}